FileName,GCPLocation
DJI_0083.JPG,[[2457.9239896193467, 2061.3387488834965], [2333.8487154657182, 570.82218849324647]]
